[
	{
		"type": "RadJav.GUI.MenuBar", 
		"name": "menubar", 
		"visibility": true, 
		"children": [
				{
					"type": "RadJav.GUI.MenuItem", 
					"name": "program", 
					"text": "Program", 
					"children": [
							{
								"type": "RadJav.GUI.MenuItem", 
								"name": "example1", 
								"text": "Example 1", 
								"click": "alert ('Example 1 clicked!');"
							}, 
							{
								"type": "RadJav.GUI.MenuItem", 
								"name": "example2", 
								"text": "-"
							}, 
							{
								"type": "RadJav.GUI.MenuItem", 
								"name": "example3", 
								"text": "Example 3", 
								"click": "alert ('Example 3 clicked!');"
							}, 
							{
								"type": "RadJav.GUI.MenuItem", 
								"name": "exit", 
								"text": "Exit", 
								"createOnPlatforms": {
										"HTML5": false
									}, 
								"click": "RadJav.exit();"
							}
						]
				}
			]
	}
]